f1,f2,f3,f4,f5,f6,iz1,iz2,iz3,iz4,iz5,iz6,izz1,izz2,izz3,izz4,izz5,izz6,Îµ,Eads,delta_e,E_bonding,d-band
0.0,-251.104489,-244.21429,230.018232,423.032835,1896.791541,345.719401,0.120754,0.180935,0.545623,0.139167,306.685768,14296.439485,4.524961,0.985604,4.09185,3.380967,1252.501552,2.0165,0.119743259999978,0.10976,10.1456462699999,-4.16572
0.0,-263.156057,-238.322628,210.347248,408.942286,1977.238725,422.197621,1e-06,0.608869,0.462806,0.007998,331.477171,13608.468299,6.135841,0.319763,5.087438,3.511421,1189.879499,2.0165,0.0994657599999868,0.10098,10.1253687699999,-4.16409
0.0,-278.532339,-232.898834,186.422413,392.286122,2057.635204,519.71694,0.14256,0.991359,0.539373,0.216445,353.350534,13007.784609,6.915052,0.051682,6.044488,2.678651,1080.691891,2.0165,0.0622314899999878,0.08726,10.0881344999999,-4.16182
0.0,-299.354852,-227.794129,137.348334,376.020427,2128.307114,638.919849,0.505027,0.942836,0.738502,0.433781,361.906074,12694.618023,7.315348,0.034068,6.994483,1.536085,921.602451,2.0165,0.0026741300000026,0.0705,10.02857714,-4.1599
0.0,-131.073488,-122.528981,244.936131,460.673303,1761.489264,327.585423,0.05049,0.342465,0.44764,0.273207,333.081347,14359.971403,0.312407,2.532052,3.26364,5.196935,1232.491159,2.0165,0.145943369999997,0.09377,10.17184638,-4.16575
0.0,-136.025801,-126.514429,224.479528,444.116909,1837.41995,405.714311,0.032994,0.660378,0.311118,0.0,358.505993,13680.761953,3.217754,0.426306,4.294118,6.207047,1176.229005,2.0165,0.127496339999993,0.08481,10.15339935,-4.16448
0.0,-148.317994,-125.993932,199.928943,424.07141,1913.323114,505.172922,0.068999,0.993823,0.367413,0.194113,379.589865,13052.827142,4.160741,0.017029,5.50651,5.237937,1069.312001,2.0165,0.0931355799999948,0.0713,10.11903859,-4.16224
0.0,-166.736755,-123.417366,151.662373,403.123221,1980.161862,626.915957,0.196417,0.972396,0.577405,0.472306,385.879885,12723.360877,4.749623,0.518692,6.571438,3.581983,916.870591,2.0165,0.037451500000003,0.05483,10.06335451,-4.15973
0.0,105.788255,114.233189,272.309651,500.541284,1633.183732,311.117695,0.159381,0.367301,0.315013,0.463582,358.116694,14405.958632,0.500737,0.898418,1.878346,6.869756,1211.283088,2.0165,0.129717989999988,0.07761,10.1556209999999,-4.16598
0.0,105.506908,109.423663,251.193586,483.030879,1704.511906,390.58239,0.416717,0.413549,0.117,0.018205,384.108756,13738.06761,1.601322,0.490669,2.635295,9.079363,1160.760167,2.0165,0.113250300000004,0.06876,10.13915331,-4.16439
0.0,102.143974,106.291398,227.431837,461.708473,1776.105874,491.4977,0.117705,1.039482,0.100471,0.121231,404.297937,13080.228494,0.649143,1.942202,3.761642,8.188428,1055.082575,2.0165,0.0817304400000011,0.05522,10.10763345,-4.16244
0.0,91.282717,107.725933,186.027964,438.014619,1839.195156,615.608676,0.214714,1.044558,0.157869,0.419012,408.20897,12738.935286,0.004241,4.162981,4.691025,6.468392,909.540669,2.0165,0.0298713499999792,0.03908,10.0557743599999,-4.15989
0.0,-316.188356,-21.012902,32.207763,209.95881,2227.173993,0.139694,1.385537,0.002583,0.079026,0.001917,533.423293,0.60348,5.318355,0.000116,0.209322,14.411546,940.011549,2.0165,0.149592920000003,0.11429,10.26677653,-4.14358
0.0,-319.726707,-29.339542,28.469036,214.240693,2226.621586,0.525543,1.935421,0.023557,0.068984,0.00089,514.342413,0.969173,3.655818,0.016489,0.137878,13.106101,855.63515,2.0165,0.136731709999992,0.10464,10.25391532,-4.14175
0.0,-320.145778,-35.801649,24.828157,221.934884,2224.952972,0.708051,2.89365,0.075927,0.056989,0.022686,493.612707,0.810957,1.95921,0.106354,0.066064,11.910191,756.437844,2.0165,0.111614790000004,0.09066,10.2287984,-4.13956
0.0,-316.029065,-39.809627,19.835298,232.569529,2222.504083,0.350422,3.284479,0.156255,0.039231,0.070647,465.482692,0.211511,0.613199,0.230179,0.020631,10.904389,643.044041,2.0165,0.0688837699999851,0.07345,10.1860673799999,-4.13704
0.0,-141.65484,-21.590629,44.43703,209.260264,2070.799642,0.116557,1.425188,0.002162,0.301579,0.000615,568.200708,0.715767,4.422927,0.002389,0.703808,18.538283,1000.388207,2.0165,0.171684879999986,0.09933,10.2888684899999,-4.14422
0.0,-148.802769,-29.769335,39.333749,214.995393,2070.523375,0.468441,1.899091,0.0166,0.263419,0.023428,546.741299,1.566168,2.796933,0.015509,0.360999,16.532963,912.012356,2.0165,0.160592469999983,0.08993,10.2777760799999,-4.14224
0.0,-151.24996,-34.815597,36.218304,225.745744,2069.046325,0.672375,2.599214,0.04653,0.23594,0.132069,522.85238,1.321123,1.077589,0.13075,0.119163,14.853056,799.726053,2.0165,0.138117649999998,0.07558,10.25530126,-4.13949
0.0,-148.278166,-37.680988,32.653819,241.021926,2066.79645,0.376046,2.710482,0.099536,0.168766,0.287566,491.184712,0.479106,0.063271,0.285377,0.007305,13.273397,677.194768,2.0165,0.0988096099999893,0.05879,10.21599322,-4.13719
0.0,15.04246,184.906068,205.079722,228.802729,1921.145718,0.000921,0.018567,0.243536,0.368768,1.487784,601.735614,0.000229,0.027738,5.662666,3.131362,19.942165,1050.29907,2.0165,0.151498619999983,0.08365,10.2686822299999,-4.1442
0.0,10.517396,168.75228,203.694105,235.826603,1921.00547,0.027333,0.010583,0.646357,0.712331,1.423137,577.924825,0.00449,0.03802,7.337805,0.061532,17.675617,959.728365,2.0165,0.142181219999997,0.07437,10.25936483,-4.14217
0.0,-1.57739,153.642077,198.046199,254.286127,1919.944845,0.146527,0.005695,0.973403,0.821374,1.707464,550.717578,0.029314,0.038423,6.042152,0.023239,14.382069,835.543616,2.0165,0.12243282,0.06006,10.23961643,-4.13978
0.0,-11.012735,143.318433,189.252165,278.05728,1918.005042,0.309274,0.00464,0.79943,0.692685,1.625779,515.417389,0.091927,0.034734,4.36164,0.491656,11.59027,705.358227,2.0165,0.0864394200000049,0.04344,10.20362303,-4.1371
0.0,-307.963152,54.229566,77.34426,171.920166,2226.937477,0.210617,1.275921,0.050568,0.062952,0.018723,524.176198,0.344749,7.473385,0.081762,0.176759,16.718153,1175.481974,2.0165,0.142132430000003,0.11524,10.38192554,-4.12441
0.0,-311.451169,54.545306,72.45671,176.548582,2226.941266,0.462714,1.844314,0.097812,0.013399,0.010011,504.133262,1.262459,4.971193,0.135389,0.044548,15.101795,1060.189992,2.0165,0.135461800000001,0.10612,10.37525491,-4.12285
0.0,-310.968611,54.664667,68.483564,184.080066,2225.986725,0.489157,2.775489,0.139433,0.00092,0.000932,482.863426,1.295427,2.552305,0.165307,0.004025,13.646247,930.088549,2.0165,0.120300719999988,0.09133,10.36009383,-4.1204
0.0,-306.929285,54.596738,65.772771,193.68032,2224.345113,0.228255,2.954513,0.146437,0.035895,0.000957,454.753083,0.342281,0.975292,0.136757,0.115092,12.603647,790.603278,2.0165,0.0911448499999778,0.07403,10.33093796,-4.11842
0.0,-128.282585,61.181597,91.281162,172.356934,2070.012503,0.143344,1.232011,0.137223,0.381447,0.000587,563.010057,0.562427,4.939402,0.096507,0.981014,22.537433,1269.215531,2.0165,0.160975879999995,0.10124,10.40076899,-4.12486
0.0,-133.668549,61.416742,81.764778,177.877414,2070.341155,0.329658,1.750203,0.262801,0.209287,0.00244,540.170269,2.13685,2.999268,0.111367,0.502791,19.588326,1146.195799,2.0165,0.155855309999992,0.09187,10.39564842,-4.12288
0.0,-133.259008,61.109804,75.916179,188.120759,2069.617692,0.347901,2.418258,0.358131,0.147166,0.043904,515.442739,2.165021,0.947279,0.136071,0.095269,17.237519,997.148385,2.0165,0.14318965999999,0.0771,10.38298277,-4.12058
0.0,-127.959906,61.129543,72.171024,201.923122,2068.212362,0.161132,2.331223,0.405122,0.080558,0.10658,483.537947,0.793446,0.041852,0.159615,0.011153,15.457281,843.371984,2.0165,0.117015769999994,0.06012,10.35680888,-4.11824
44.766924,62.23175,164.72603,213.924866,240.164636,1919.731896,0.005365,0.003186,0.312221,0.078361,1.819134,601.231063,0.01985,0.028107,17.323742,0.002919,16.661448,1348.456665,2.0165,0.137326089999987,0.087,10.3771192,-4.12498
44.822874,62.230903,163.851786,210.776461,237.812539,1920.249116,0.00641,8.2e-05,0.556301,0.02949,2.13047,575.573064,0.043525,0.095931,15.445144,0.51104,13.597865,1220.637073,2.0165,0.133909129999977,0.07744,10.37370224,-4.12323
44.813338,61.751613,159.190241,207.471704,246.731233,1919.990265,0.005475,0.015625,0.912941,0.009181,2.327774,547.155198,0.048809,0.210043,12.461367,0.235026,10.970395,1054.401164,2.0165,0.123716309999991,0.06293,10.36350942,-4.12048
44.391661,61.461562,153.874404,202.627787,262.489752,1918.941655,0.003579,0.076394,0.942241,0.078198,1.756771,511.274253,0.039548,0.336935,9.388061,0.038483,9.357643,888.235672,2.0165,0.100738719999981,0.04602,10.34053183,-4.11827
0.0,-306.958231,46.222789,58.105745,124.295936,2227.011611,0.100598,1.305703,0.000169,0.069535,0.089358,479.100376,3.57164,9.792966,0.082555,0.550747,1.817056,1694.874695,2.0165,0.119369629999994,0.11179,10.49368834,-4.10837
0.0,-308.062873,41.320631,57.529312,128.249518,2227.232585,0.535874,1.959481,0.014066,0.07375,0.089582,460.44905,6.986822,5.020786,0.044282,0.416942,1.207837,1517.003352,2.0165,0.117215389999984,0.10219,10.4915340999999,-4.10671
0.0,-307.264211,36.966261,56.938272,134.266143,2226.554591,0.913663,2.925169,0.056507,0.069216,0.099794,441.848656,7.300033,1.349289,0.000159,0.236535,0.656084,1320.155403,2.0165,0.109575479999989,0.08755,10.48389419,-4.1048
0.0,-305.037629,33.700537,55.766276,141.664218,2225.277102,0.751757,3.335301,0.120461,0.051659,0.112633,417.468899,4.52196,0.002461,0.032696,0.086946,0.273851,1117.881786,2.0165,0.090867199999991,0.07075,10.46518591,-4.10277
0.0,-122.35296,48.859901,68.827777,126.971832,2069.605717,0.052694,1.196833,7e-06,0.314271,0.227529,520.027957,3.708861,7.534352,0.245798,1.523077,5.420768,1853.933967,2.0165,0.135243159999987,0.09922,10.5095618699999,-4.10851
0.0,-123.948243,41.691189,68.370707,130.551289,2070.175588,0.349392,1.72373,0.014748,0.36634,0.24821,498.323128,8.293059,3.516701,0.130614,1.02948,3.323741,1660.468744,2.0165,0.134707869999999,0.08953,10.50902658,-4.10669
0.0,-121.9733,36.625296,68.418964,137.642344,2069.735499,0.616705,2.409025,0.051598,0.397291,0.350824,476.198679,8.430451,0.66774,0.003566,0.483864,1.597781,1433.542871,2.0165,0.129352850000003,0.07502,10.50367156,-4.10468
0.0,-117.26673,33.567315,67.722826,146.986837,2068.696151,0.50759,2.51445,0.102841,0.334914,0.435363,448.045388,5.174477,0.081783,0.041568,0.078142,0.496033,1207.099054,2.0165,0.113538719999979,0.05794,10.4878574299999,-4.10286
41.759047,47.888506,116.632258,215.126099,240.092431,1918.744196,0.001825,0.014523,0.006328,0.027534,2.034379,561.279913,0.007926,0.078325,1.815937,4.20058,15.243398,1994.374976,2.0165,0.108790419999991,0.08644,10.48310913,-4.10892
39.080071,47.423215,120.347795,208.182256,239.765732,1919.532331,0.001728,0.007771,0.019692,0.210769,2.550464,536.412041,0.007336,0.094589,1.657763,9.736177,7.68518,1789.737312,2.0165,0.109785889999983,0.07651,10.4841045999999,-4.10691
35.725981,46.943524,123.860817,204.14916,243.487533,1919.572254,0.039359,0.003342,0.080097,0.342056,3.183312,510.431083,5.7e-05,0.076793,1.771462,8.960497,2.214404,1534.87886,2.0165,0.106750109999978,0.06209,10.4810688199999,-4.10477
32.874355,46.246034,126.919359,201.355382,249.226572,1918.900047,0.124529,0.002959,0.144323,0.217718,3.000212,478.209076,0.023653,0.058914,1.858167,5.035586,0.045271,1286.345906,2.0165,0.093693839999986,0.04514,10.4680125499999,-4.10244
0.0,-252.28087,-242.539632,248.809869,431.029634,1827.341457,283.694009,0.049082,0.532834,0.820701,0.634516,288.437644,14555.7848,0.690351,3.029495,3.237482,1.334183,1237.512487,2.0165,0.12620529999998,0.11369,10.1521083099999,-4.16623
0.0,-133.370008,-117.028756,265.105309,470.0606,1696.219672,264.49421,0.001609,0.480066,0.827638,0.950105,313.275116,14593.637099,0.125854,1.514922,2.351449,1.920234,1212.783144,2.0165,0.151721710000003,0.09645,10.17762472,-4.1663
0.0,106.029503,116.918564,293.589434,510.58333,1572.14898,248.081545,0.016638,0.455274,0.822211,1.254838,336.661702,14640.368311,0.029746,0.609487,1.162082,2.3764,1188.493555,2.0165,0.134788149999991,0.08004,10.1606911599999,-4.16666
0.0,-310.067514,-12.19544,36.833228,208.863924,2226.618937,2.8e-05,1.62283,0.00064,0.097546,0.002571,552.077947,0.000421,5.022558,0.002764,0.228479,15.738439,967.973184,2.0165,0.153496520000004,0.11708,10.27068013,-4.14427
0.0,-130.154124,-10.44716,54.241231,208.149879,2070.233319,2.3e-05,1.52104,0.000927,0.473265,0.001278,587.483619,0.000339,3.486808,0.003189,0.893683,20.597147,1029.858991,2.0165,0.175023609999982,0.10234,10.2922072199999,-4.1444
0.0,16.587185,195.352874,200.13179,236.797062,1920.64121,0.000533,0.014527,0.000146,0.410611,1.863502,621.535724,0.001643,0.021188,1e-06,12.201945,17.298687,1080.399865,2.0165,0.154218740000004,0.08723,10.27140235,-4.14497
0.0,-301.01023,53.83434,82.353158,170.431184,2226.041715,0.015982,1.561093,0.015378,0.129774,0.018457,544.243261,0.075745,6.568919,0.037139,0.225813,18.127077,1221.888278,2.0165,0.143977089999992,0.11848,10.3837702,-4.12511
0.0,-118.131046,60.411847,103.305681,171.651512,2069.067224,0.010838,1.254816,0.040315,0.74598,0.001733,584.047234,0.038071,3.440076,0.07544,0.72348,25.106819,1317.358905,2.0165,0.162155240000004,0.10495,10.40194835,-4.12568
44.805805,61.848664,163.922609,214.508217,251.019532,1918.814224,0.002355,0.000227,0.275728,0.020651,2.095262,623.107154,0.002696,0.000317,19.357773,0.226005,14.757103,1396.428411,2.0165,0.138033589999992,0.09025,10.3778267,-4.12584
0.0,-302.831568,50.257265,59.65204,122.730091,2225.942143,0.000753,1.479488,0.002668,0.07381,0.092752,499.210969,0.004407,9.932682,0.020005,0.545936,2.249547,1778.556941,2.0165,0.119511859999988,0.11563,10.49383057,-4.10878
0.0,-114.962459,55.406914,72.622611,127.150058,2068.44684,0.000631,1.24207,0.005504,0.373669,0.319083,541.527785,0.002791,6.616391,0.022663,1.490251,6.823893,1940.611191,2.0165,0.135006299999986,0.10249,10.5093250099999,-4.10895
43.622606,48.151522,114.51768,219.884931,246.204168,1917.574804,0.002337,0.011248,0.010845,0.001184,2.252729,584.037111,0.008111,0.046574,2.476644,0.007374,14.903648,2080.412112,2.0165,0.108014049999979,0.08948,10.4823327599999,-4.10961
0.0,-367.278809,-340.138913,221.995896,392.764032,2040.355033,365.367444,0.093584,0.138768,0.6077,0.061765,279.255664,14212.097223,6.257329,2.100997,4.799436,1.906303,1272.451042,2.0165,0.0445419799999911,0.125994,10.0704449899999,-4.16516
0.0,-380.799628,-329.321582,202.323004,381.883488,2125.367806,439.943002,0.020712,0.573132,0.558928,0.018674,303.362219,13521.03452,7.74302,1.276484,5.755198,1.678172,1202.896213,2.0165,0.0224930599999879,0.117092,10.0483960699999,-4.16363
0.0,-397.427019,-319.608556,178.50179,369.166198,2210.210337,535.064966,0.341024,0.981887,0.637414,0.200807,325.889587,12943.86588,8.554055,0.531936,6.537486,1.128518,1089.360427,2.0165,-0.0176741700000206,0.102761,10.0082288399999,-4.16178
0.0,-418.261826,-311.485051,127.206738,357.327574,2284.565875,651.563537,0.889472,0.945011,0.826907,0.366846,336.552987,12652.016021,8.49975,0.095715,7.576798,0.522368,924.015647,2.0165,-0.0809828400000185,0.086225,9.94492016999998,-4.15941
0.0,159.332724,171.527299,308.457392,537.516472,1511.401155,296.415365,0.596815,0.026984,0.26651,0.705562,381.460736,14436.82608,0.091519,0.940093,0.430787,8.201653,1188.287379,2.0165,0.0772202099999788,0.060692,10.1031232199999,-4.16629
0.0,156.620851,172.096172,287.858268,520.144037,1578.123395,376.875794,0.7798,0.089708,0.033843,0.092938,407.946582,13780.107494,0.169502,1.776473,0.634928,11.564368,1142.919299,2.0165,0.0625821600000051,0.051924,10.08848517,-4.16466
0.0,149.740316,175.100282,266.795553,499.282313,1645.471265,478.784562,0.761035,0.3743,0.001884,0.037434,427.19318,13091.953464,0.496208,2.447051,1.019119,10.769516,1038.178611,2.0165,0.0339582699999994,0.038543,10.05986128,-4.16221
0.0,132.636238,179.908749,239.000748,475.465217,1704.949824,605.07361,0.753268,0.459538,0.000984,0.275334,428.651109,12741.973794,1.882613,3.321253,1.155509,9.312287,899.448163,2.0165,-0.0141617000000167,0.022664,10.0117413099999,-4.16005
0.0,-443.258,-19.984256,30.561216,211.290294,2391.500262,0.173706,1.178108,0.003322,0.047892,0.002975,497.942445,0.60385,5.023239,1.6e-05,0.152193,11.423527,871.003189,2.0165,0.0785360499999967,0.129006,10.19571966,-4.14304
0.0,-446.009371,-28.767152,26.697785,215.054648,2390.699732,0.639175,1.759775,0.027214,0.041264,3e-06,481.21999,0.653432,3.638107,0.019963,0.104947,10.505625,792.464346,2.0165,0.0639990999999895,0.119362,10.18118271,-4.14162
0.0,-446.542326,-35.848059,22.338164,221.636457,2388.821437,0.884392,2.855903,0.084635,0.033482,0.008181,463.412573,0.556935,2.205134,0.107337,0.054715,9.616055,706.41625,2.0165,0.0362230399999816,0.105065,10.1534066499999,-4.13921
0.0,-443.398681,-40.372476,15.865148,230.503348,2386.080176,0.450069,3.535345,0.167123,0.023116,0.032515,438.649353,0.112906,0.949431,0.223028,0.02123,8.865768,603.593953,2.0165,-0.0100231600000029,0.08811,10.10716045,-4.1371
0.0,22.166735,203.498136,303.662263,324.994624,1777.785957,0.00053,0.059037,0.042556,0.034642,2.289238,633.500277,0.000229,0.078997,23.912319,0.0961,9.613635,1088.51482,2.0165,0.0949350299999878,0.067719,10.21211864,-4.14466
0.0,19.160376,202.269685,301.251737,324.199374,1777.736338,0.019015,0.045203,0.128285,0.049175,2.762286,607.423862,0.003822,0.073664,21.001732,0.392898,7.970294,997.417239,2.0165,0.0873305199999947,0.05871,10.20451413,-4.14251
0.0,16.256366,198.649684,299.69271,332.11376,1777.120263,0.100088,0.030942,0.314063,0.000653,3.213162,576.838305,0.046921,0.052038,16.585838,0.175535,7.063418,863.542752,2.0165,0.0703072400000053,0.044911,10.18749085,-4.1399
0.0,12.540642,194.323368,295.775917,348.21797,1775.621241,0.231416,0.021615,0.399885,0.022922,2.58422,537.873571,0.136158,0.033345,12.794748,7e-06,6.411658,727.03403,2.0165,0.037769389999994,0.028289,10.154953,-4.13713
0.0,-437.518284,53.286842,75.390532,172.920997,2391.737283,0.261307,1.046716,0.034655,0.029251,0.01712,485.362996,0.310291,7.127588,0.073676,0.095791,13.418362,1071.166708,2.0165,0.0745938299999977,0.128834,10.31438694,-4.1241
0.0,-440.321609,53.38934,71.284195,177.332795,2391.449667,0.617538,1.642517,0.067866,0.002535,0.01095,468.02821,0.796617,4.962702,0.126082,0.011817,12.29018,966.194941,2.0165,0.0662452100000052,0.119179,10.30603832,-4.12246
0.0,-440.32384,53.225879,67.679856,184.179167,2390.252435,0.710761,2.723489,0.095952,0.007994,0.003603,449.903261,0.855221,2.904181,0.152336,0.019799,11.206156,855.17662,2.0165,0.0484500599999933,0.10491,10.28824317,-4.12016
0.0,-437.593103,52.795624,65.132184,192.621233,2388.289895,0.363864,3.186625,0.097238,0.055326,0.000306,425.324026,0.174559,1.418623,0.123218,0.146332,10.408901,731.476147,2.0165,0.0163103099999943,0.087341,10.25610342,-4.11821
48.278124,67.721164,166.223198,317.764999,335.320932,1775.674653,0.02577,0.030033,0.150563,0.091984,2.287902,638.175173,0.036004,0.002059,25.821409,0.128626,13.578502,1410.152822,2.0165,0.0773943199999962,0.072497,10.31718743,-4.12545
48.750534,65.937358,168.608725,315.431705,333.152278,1776.338219,0.040129,0.006454,0.209385,0.059636,2.621227,609.760881,0.071993,0.006865,23.20765,1.69371,9.620286,1280.57173,2.0165,0.0755301099999883,0.062833,10.31532322,-4.12319
49.256769,64.069302,170.499006,313.002183,338.050744,1776.581361,0.047048,0.007687,0.330915,0.007867,2.875593,577.527923,0.087974,0.074628,19.870144,1.238704,6.465496,1100.404129,2.0165,0.0678056900000001,0.048519,10.3075988,-4.12058
49.462385,62.990986,171.67975,309.918959,347.690412,1776.029844,0.039889,0.071335,0.408957,0.006836,2.146463,537.566603,0.070752,0.212889,16.651316,0.193391,5.152485,923.88716,2.0165,0.0480642499999817,0.032115,10.28785736,-4.11784
0.0,-437.347511,46.295338,56.882649,125.278684,2392.196641,0.157718,1.10162,0.001047,0.036796,0.104793,439.144918,3.315438,8.782015,0.059481,0.431367,0.87468,1524.840287,2.0165,0.0544391599999869,0.124068,10.4287578699999,-4.10787
0.0,-438.439608,41.722872,56.173354,129.34157,2392.108814,0.744795,1.789802,0.018642,0.039758,0.103135,423.361794,5.694789,4.701947,0.028988,0.32789,0.563032,1365.888545,2.0165,0.0506703099999867,0.114494,10.4249890199999,-4.10671
0.0,-438.266511,37.378345,55.326796,135.267099,2391.187488,1.271709,2.884147,0.064027,0.037334,0.104796,407.882691,6.211002,1.370928,2.7e-05,0.189699,0.282705,1198.808614,2.0165,0.0407746999999858,0.099829,10.4150934099999,-4.1046
0.0,-437.066748,33.871207,53.900855,142.417072,2389.594371,1.079964,3.57308,0.128228,0.028226,0.110712,386.912636,3.935317,1e-06,0.030715,0.076099,0.095579,1021.826569,2.0165,0.0193156499999815,0.082804,10.3936343599999,-4.10305
42.651707,51.283635,117.027359,319.636219,336.416225,1774.006605,0.004224,0.056449,0.00104,0.008303,2.374156,602.116377,0.027827,0.159404,4.467661,4.327742,15.579146,2109.333933,2.0165,0.0459818299999881,0.072934,10.42030054,-4.10889
38.986949,50.980128,120.693683,315.395688,336.444384,1774.975925,0.000648,0.043875,0.005217,0.099122,2.793628,574.076476,0.025137,0.170138,3.654062,11.020896,7.470545,1898.719896,2.0165,0.048574579999979,0.062944,10.4228932899999,-4.10712
35.287061,50.734631,125.018824,313.096696,339.549415,1775.542695,0.031809,0.028771,0.022853,0.196543,3.249597,544.013744,0.000507,0.125565,2.959009,10.087444,1.969074,1620.488028,2.0165,0.0478715099999931,0.048443,10.42219022,-4.10451
32.580889,50.243858,129.637896,311.418716,343.750506,1775.387702,0.110739,0.018712,0.042085,0.129729,2.844132,507.505318,0.02588,0.077752,2.400895,5.893654,0.015746,1352.664981,2.0165,0.0377633999999886,0.031793,10.41208211,-4.10241
0.0,-360.47998,-349.559584,240.190161,399.082717,1966.72143,305.789239,0.573712,0.092185,0.81801,0.376798,262.356724,14527.62925,0.359393,6.063978,4.034068,0.800837,1265.280109,2.0165,0.0516787800000031,0.129545,10.07758179,-4.1657
0.0,161.033141,172.35209,329.618945,547.598623,1454.52829,234.179118,0.271096,0.261413,0.89137,1.520947,358.398148,14691.291604,0.02463,0.361277,0.16379,2.646909,1163.44098,2.0165,0.081632049999996,0.064385,10.10753506,-4.16645
0.0,-438.825366,-10.873901,34.567159,210.219328,2391.001603,2.2e-05,1.40856,0.000481,0.057765,0.004495,515.782237,0.000422,4.982967,0.002621,0.165767,12.377812,897.582424,2.0165,0.0829976800000054,0.132116,10.20018129,-4.14366
0.0,24.636188,203.112171,305.801994,331.516201,1777.310286,0.000898,0.055001,0.03898,5.7e-05,2.507724,653.780205,0.002108,0.067299,25.4874,0.000586,9.089307,1118.246602,2.0165,0.0970882799999799,0.071413,10.2142718899999,-4.14543
0.0,-432.388821,53.012949,79.274717,171.312921,2390.937593,0.015325,1.346703,0.009797,0.065661,0.019401,504.268833,0.082193,6.572861,0.030216,0.152161,14.422254,1115.115581,2.0165,0.0771293499999785,0.131762,10.31692246,-4.12484
48.086102,69.003159,164.773379,318.300679,342.957986,1774.756803,0.010786,0.030014,0.153389,0.024001,2.543375,660.81681,0.010514,0.0152,27.865762,0.127791,11.930525,1455.970156,2.0165,0.0771033899999906,0.075394,10.3168965,-4.12657
0.0,-434.359958,49.878205,58.184013,123.507314,2391.260963,0.000635,1.262492,0.001454,0.037061,0.102091,457.704284,0.004185,9.234423,0.018557,0.435165,1.106382,1603.525845,2.0165,0.0552205900000046,0.127612,10.4295393,-4.10851
45.596554,51.82535,115.050148,322.552763,340.804317,1772.803447,0.005819,0.052111,0.002452,0.001335,2.600254,626.027618,0.009787,0.105222,5.422455,0.006485,14.722362,2190.92823,2.0165,0.0445796099999995,0.076923,10.41889832,-4.10975
0.0,-435.677554,42.884999,54.456678,89.486012,2394.597525,0.106213,0.99564,9.1e-05,0.022609,0.063919,415.461478,4.679026,10.543782,0.180133,0.372625,0.73794,1758.190203,2.0165,0.0299523599999815,0.117565,10.5411058699999,-4.09445
0.0,-436.326256,37.421906,54.385907,92.879542,2394.633518,0.629803,1.598642,0.008709,0.033238,0.045449,399.695857,7.791428,5.603755,0.096433,0.356613,0.427836,1564.337703,2.0165,0.0295299199999874,0.107936,10.54068343,-4.09339
0.0,-436.176748,32.754013,53.829396,97.577713,2393.885389,1.207487,2.454673,0.041471,0.034766,0.026946,384.385813,8.263203,1.826964,0.011638,0.251979,0.16592,1368.334035,2.0165,0.0251061999999819,0.093514,10.5362597099999,-4.09195
0.0,-435.761674,28.804673,52.378529,103.530991,2392.501246,1.220995,2.855915,0.092258,0.025742,0.015236,363.737116,5.689326,0.032458,0.008344,0.120788,0.035081,1169.621945,2.0165,0.0116953699999839,0.077032,10.5228488799999,-4.09042
0.0,-303.945782,42.289198,54.897272,88.783671,2229.283393,0.054344,1.199272,0.003234,0.044164,0.053576,456.264214,5.297477,12.031385,0.202487,0.381518,1.632547,2000.961362,2.0165,0.0928163199999971,0.106875,10.60396983,-4.09479
0.0,-304.416394,36.657163,55.14731,91.679333,2229.629213,0.421657,1.76746,0.002893,0.062231,0.033332,437.486224,9.733463,6.103021,0.110108,0.397756,1.00677,1777.59136,2.0165,0.0938997599999993,0.096952,10.60505327,-4.0936
0.0,-303.67335,32.166987,54.975202,95.96373,2229.106381,0.83595,2.51785,0.02929,0.064553,0.016697,419.095844,9.91196,1.845555,0.011656,0.29376,0.458794,1540.965597,2.0165,0.0915482099999849,0.082712,10.6027017199999,-4.09176
0.0,-302.566231,28.67958,53.873836,101.57315,2228.014185,0.831083,2.706715,0.077603,0.047443,0.006649,395.150379,6.628053,0.018518,0.013403,0.137857,0.152046,1307.592332,2.0165,0.0806757000000004,0.065976,10.59182921,-4.09004
0.0,-113.686088,43.262247,61.050924,97.739762,2071.661784,0.011346,1.116212,0.016373,0.157974,0.292254,499.009329,5.895855,8.652291,0.375902,0.325278,7.593718,2239.896542,2.0165,0.106534549999992,0.095786,10.61768806,-4.09512
0.0,-113.325449,36.151063,62.607248,98.076282,2072.364307,0.219759,1.583712,0.000259,0.27417,0.244865,476.92909,11.716063,3.827916,0.172459,0.425867,4.588279,1989.804456,2.0165,0.108966420000001,0.085845,10.62011993,-4.09355
0.0,-110.471039,31.593927,64.179529,100.938697,2072.066798,0.499051,2.136958,0.015691,0.353697,0.225876,454.968153,11.532472,0.80772,0.007816,0.349144,1.99399,1710.560369,2.0165,0.108850709999984,0.071338,10.6200042199999,-4.09184
0.0,-106.471581,28.884344,64.840257,105.353505,2071.194726,0.512879,2.15947,0.046519,0.333988,0.15725,427.280364,7.493597,0.027016,0.04354,0.101984,0.507837,1441.97546,2.0165,0.100512149999985,0.054749,10.61166566,-4.09008
38.75578,47.742641,77.519741,223.30117,244.068583,1920.490633,0.020936,0.016908,0.019364,0.006994,1.851054,543.113244,0.033063,0.104808,1.004212,6.46669,18.77889,2462.880016,2.0165,0.077733319999993,0.084039,10.58888683,-4.09508
34.584636,47.646811,81.931889,216.667544,244.050012,1921.426441,0.002077,0.012805,0.029982,0.150663,2.234204,517.512416,0.041776,0.14744,0.754341,14.150112,9.30092,2191.06838,2.0165,0.0817042199999775,0.07412,10.5928577299999,-4.09366
30.755609,47.296919,87.001155,212.101842,246.362371,1921.604669,0.013146,0.006985,0.065981,0.343564,2.641376,491.539315,0.007905,0.13129,0.652986,13.424047,2.836745,1870.462726,2.0165,0.0837582499999882,0.059407,10.59491176,-4.09159
27.740382,46.421513,92.693018,208.429599,248.656482,1921.089062,0.074391,0.00381,0.099916,0.319805,2.334814,459.711497,0.008894,0.096302,0.639984,8.718851,0.106083,1567.643859,2.0165,0.0779752599999881,0.042896,10.58912877,-4.08998
38.480956,49.556374,78.162216,325.544617,339.909199,1775.347598,0.046608,0.052023,0.013288,0.000152,2.208617,587.830535,0.020054,0.081719,3.051887,6.993958,19.983345,2657.3693,2.0165,0.0124515999999914,0.071724,10.52360511,-4.09541
33.799099,49.85609,81.728784,321.288719,340.251238,1776.486736,0.00986,0.051413,0.030322,0.04571,2.480341,558.599937,0.032812,0.156376,2.342118,16.363011,9.411271,2370.874792,2.0165,0.0179131599999777,0.061823,10.5290666699999,-4.09362
30.054396,49.91884,86.047583,318.669969,342.559633,1777.197573,0.004699,0.037411,0.070294,0.156773,2.714574,528.26622,0.002661,0.161797,1.729437,15.090721,2.693324,2013.72901,2.0165,0.0221915599999817,0.04733,10.5333450699999,-4.09162
27.539468,49.349621,91.271065,316.636989,344.620704,1777.197768,0.054846,0.021276,0.106794,0.147881,2.198894,491.967006,0.022763,0.117904,1.335903,9.629983,0.076931,1679.206484,2.0165,0.0190588099999899,0.030633,10.53021232,-4.08949
0.0,-432.448319,52.792016,62.613106,90.78898,2399.050065,0.082859,0.900725,5e-06,0.006016,0.148132,380.099049,6.720156,11.073373,0.594969,0.316921,0.220621,1980.636507,2.0165,0.0069172700000024,0.109225,10.65156208,-4.08372
0.0,-432.590722,49.063857,62.934144,92.740365,2399.02433,0.541954,1.525441,0.006895,0.017015,0.119363,365.095233,10.813414,5.271836,0.345434,0.372692,0.071724,1753.765815,2.0165,0.0086528100000009,0.099859,10.65329762,-4.08267
0.0,-432.06009,46.007413,62.821861,95.430922,2398.199974,1.04222,2.407713,0.030582,0.02391,0.080555,350.617654,11.247222,1.359422,0.09935,0.297097,0.000194,1533.251863,2.0165,0.0078488599999957,0.086353,10.65249367,-4.08161
0.0,-431.394075,43.482418,61.946219,99.190751,2396.741493,1.090894,2.804179,0.067034,0.020852,0.048436,331.123166,7.868636,0.002198,0.002264,0.153083,0.045389,1317.049419,2.0165,0.0003100699999833,0.07016,10.64495488,-4.08024
0.0,-298.820952,52.490637,63.018964,90.876711,2233.891077,0.03594,1.077452,0.003448,0.015956,0.13321,420.124867,7.831825,13.078823,0.759964,0.301458,0.772799,2309.647349,2.0165,0.0682786699999837,0.09983,10.71292348,-4.08371
0.0,-298.602661,48.650028,63.540328,92.4074,2234.152821,0.34307,1.659559,0.001602,0.036843,0.104068,402.116675,13.631681,5.898856,0.453416,0.414342,0.362707,2040.267549,2.0165,0.0711886800000058,0.090645,10.71583349,-4.08289
0.0,-297.360518,45.664845,63.778816,94.715449,2233.507264,0.689302,2.426069,0.020624,0.048475,0.067711,384.760168,13.6345,1.393436,0.131215,0.358581,0.06742,1767.275407,2.0165,0.0725691600000004,0.07671,10.71721397,-4.08118
0.0,-295.941051,43.360914,63.288122,98.037182,2232.286375,0.716812,2.614367,0.056221,0.041364,0.035166,362.275161,9.238177,0.007872,0.002716,0.186247,0.002185,1506.639286,2.0165,0.0670830499999795,0.0605,10.7117278599999,-4.08021
0.0,-101.667843,55.063145,69.483731,104.026238,2076.359671,0.005249,0.875114,0.025316,0.057072,0.511257,463.015669,8.59179,9.374584,1.752517,0.045112,7.155415,2650.997721,2.0165,0.0802488999999866,0.09001,10.72489371,-4.08398
0.0,-100.186716,49.791218,69.83603600000001,104.24199,2076.960802,0.154582,1.300897,0.000127,0.154494,0.539295,441.612968,16.470649,3.302308,1.113921,0.281118,3.902337,2339.766983,2.0165,0.0846088299999792,0.080546,10.7292536399999,-4.08261
0.0,-96.30862,45.92507,71.233146,106.184496,2076.495719,0.352823,1.817821,0.019525,0.219428,0.583987,420.827139,16.002905,0.366157,0.325369,0.412733,1.277055,2008.974458,2.0165,0.0879386899999872,0.066288,10.7325835,-4.08126
0.0,-91.345526,43.402888,72.851612,108.414627,2075.442198,0.386375,1.842024,0.050859,0.234387,0.470779,394.857136,10.455381,0.190487,0.011626,0.214484,0.074448,1700.491639,2.0165,0.0846757599999818,0.050277,10.7293205699999,-4.07979
48.195199,56.091263,79.939497,234.557835,251.889033,1925.204309,0.022852,0.006095,0.000455,0.0,1.743986,508.353877,0.244041,0.087638,0.160767,10.18961,20.693596,2988.62181,2.0165,0.0496137300000043,0.07961,10.69425854,-4.08391
45.922824,56.334525,82.651832,229.332833,252.837363,1926.027772,0.006511,0.006383,0.005256,0.086539,2.129959,483.2185,0.191706,0.133948,0.110996,20.16151,9.151317,2639.614203,2.0165,0.0554638600000032,0.069973,10.70010867,-4.0828
44.113981,56.298545,85.330662,225.82745,255.572092,1925.99754,0.001939,0.004926,0.031726,0.244606,2.533111,458.467074,0.052635,0.122143,0.095485,18.857308,2.274851,2249.469385,2.0165,0.0607485900000028,0.055803,10.7053934,-4.08093
42.699345,55.759235,88.622146,222.61904,257.927323,1925.250896,0.032712,0.00341,0.066077,0.259089,2.233722,428.531487,0.000868,0.090818,0.108477,12.386878,0.007085,1891.545151,2.0165,0.0599896899999805,0.039683,10.7046344999999,-4.07957
48.302558,57.711778,81.081263,333.706327,345.832774,1779.997701,0.057487,0.023948,3e-06,0.009682,2.079777,555.503891,0.286756,0.051306,1.295539,11.26052,23.093428,3303.151968,2.0165,-0.0173711500000024,0.068844,10.62727366,-4.08413
45.684645,58.210182,83.037518,330.267174,346.835059,1781.020442,0.0204,0.034956,0.004804,0.013336,2.339795,526.397964,0.246734,0.133211,0.93356,23.710468,9.686897,2924.25801,2.0165,-0.0103753700000197,0.059116,10.6342694399999,-4.08263
43.813563,58.55673,85.072561,328.211399,349.423227,1781.487858,1e-06,0.033705,0.03303,0.089679,2.566745,497.205989,0.068633,0.151986,0.611383,21.5706,2.291108,2478.006558,2.0165,-0.0030811299999982,0.044881,10.64156368,-4.08092
42.56136,58.368522,87.842405,326.351865,351.518813,1781.212082,0.022993,0.022659,0.072747,0.101939,2.069571,462.862503,0.001397,0.112525,0.429947,13.868926,0.004281,2071.364257,2.0165,-0.0014190600000176,0.028905,10.64322575,-4.07914
0.0,-434.36372,22.899235,34.58286,62.812384,2402.061504,0.098417,0.75867,0.000552,0.002279,0.115611,349.99876,6.531294,13.293806,0.585351,0.458158,0.147323,2106.727289,2.0165,-0.0122805299999981,0.09907,10.75912818,-4.07493
0.0,-434.621289,15.901875,34.912801,64.01908,2402.011769,0.499131,1.294236,0.005999,0.008167,0.083562,335.437295,11.961432,6.135356,0.336515,0.498599,0.030158,1858.879209,2.0165,-0.0094555600000205,0.090579,10.76195315,-4.0744
0.0,-434.177088,6.888619,34.682787,65.518544,2401.196543,0.898065,2.093325,0.019607,0.012157,0.043188,321.17467,12.823146,1.515802,0.092898,0.378394,0.008101,1628.438369,2.0165,-0.0076954400000204,0.077566,10.76371327,-4.07305
0.0,-433.673544,-11.122273,33.262656,68.12259,2399.768674,0.942484,2.440983,0.041332,0.00958,0.015485,302.171267,9.147339,6.1e-05,0.000933,0.183197,0.092717,1409.94745,2.0165,-0.0113389900000129,0.062536,10.76006972,-4.07227
0.0,-300.732694,20.432054,33.494924,62.518019,2237.065719,0.046374,0.942797,0.001276,0.008602,0.095641,388.31697,7.977132,16.254845,0.74111,0.410563,0.496686,2521.711807,2.0165,0.0479311899999856,0.091019,10.8193399,-4.07507
0.0,-300.703601,13.056259,34.073868,63.170961,2237.278165,0.30733,1.438036,0.000656,0.020427,0.06238,370.846429,15.502818,7.177453,0.41921,0.533963,0.188396,2218.152682,2.0165,0.0520481499999903,0.082154,10.82345686,-4.07408
0.0,-299.641716,-2.183819,34.325782,64.064099,2236.596369,0.571604,2.123972,0.009345,0.027193,0.025282,353.962951,15.920227,1.644281,0.10776,0.444359,0.0092,1924.993061,2.0165,0.0555034899999782,0.068972,10.8269122,-4.0731
0.0,-298.528014,-11.958419,33.498061,65.971822,2235.357823,0.597764,2.27518,0.0288,0.021369,0.003598,332.340831,10.976878,0.000954,0.000113,0.222213,0.033502,1654.502977,2.0165,0.0536850400000048,0.053971,10.82509375,-4.07196
0.0,-98.286585,17.305837,34.607489,74.507659,2079.636864,0.003583,0.899322,0.010763,0.032422,0.350737,430.24007,10.818646,13.277771,0.845598,0.228243,6.170831,2975.583075,2.0165,0.0588068999999791,0.082422,10.83021561,-4.07502
0.0,-96.216207,9.632595,35.470846,72.956735,2080.167966,0.122306,1.31902,0.001542,0.087045,0.31068,409.39349,20.329581,4.969335,0.340742,0.479227,3.232719,2612.878007,2.0165,0.0641259500000046,0.073506,10.83553466,-4.07408
0.0,-91.832848,-3.752,37.207864,72.507663,2079.62144,0.283684,1.814766,2.7e-05,0.145073,0.283522,389.308413,19.52933,0.804771,0.020376,0.494423,0.949878,2246.915356,2.0165,0.0693437199999778,0.060153,10.84075243,-4.07277
0.0,-86.994473,-8.336206,39.143469,71.968485,2078.500889,0.328836,1.813746,0.002585,0.181407,0.169404,364.558517,12.880752,0.042002,0.063612,0.213749,0.031871,1916.991582,2.0165,0.0696948199999951,0.044847,10.84110353,-4.07172
12.47106,29.596376,52.803128,234.698112,248.467799,1928.507201,0.041528,0.017765,0.001916,0.001461,1.534476,475.586985,0.847043,0.198303,0.187535,10.563767,25.476642,3451.571403,2.0165,0.0269737699999836,0.073626,10.79838248,-4.0752
0.0,30.194657,54.07432,231.363946,248.942558,1929.246556,0.012642,0.030631,0.001144,0.066259,1.829862,450.918566,0.667896,0.364068,0.078883,23.458763,10.908421,3030.413445,2.0165,0.0334004300000003,0.064309,10.80480914,-4.07403
0.0,30.647941,55.12023,228.787393,251.191108,1929.092731,0.000255,0.02934,0.025281,0.161815,2.168006,427.026677,0.258524,0.350085,0.011112,22.735393,2.462297,2585.024122,2.0165,0.0404649200000051,0.050853,10.81187363,-4.07268
0.0,30.152401,57.317004,225.749016,253.046095,1928.230449,0.021627,0.015519,0.065107,0.169815,1.889359,398.615032,0.020066,0.209668,6.7e-05,15.153512,0.005699,2189.615993,2.0165,0.0430333399999938,0.035572,10.81444205,-4.07127
0.0,28.755319,53.623844,334.354667,344.170336,1783.236231,0.093408,0.027677,0.002736,0.004061,1.87915,523.933389,0.678199,0.075136,1.029219,12.204499,29.454782,3925.166139,2.0165,-0.0416167799999982,0.064216,10.72979193,-4.07502
0.0,29.335805,54.035711,332.067592,344.805849,1784.168911,0.041028,0.058416,0.001571,0.005401,2.038308,495.072257,0.588015,0.239529,0.654328,28.522684,12.049476,3451.855915,2.0165,-0.033889170000009,0.054549,10.73751954,-4.07405
0.0,30.297615,54.105103,330.526639,346.988119,1784.476331,0.003324,0.066966,0.033534,0.043387,2.189309,466.788281,0.20369,0.301881,0.287243,26.728416,2.679163,2925.850758,2.0165,-0.0250139900000192,0.040935,10.74639472,-4.07229
0.0,30.58501,55.207962,328.747399,348.657842,1784.039263,0.008643,0.042575,0.095506,0.050284,1.723212,434.179391,0.003569,0.205093,0.111944,17.382164,0.00869,2461.397267,2.0165,-0.0202691300000026,0.0257,10.75113958,-4.07105
0.0,-433.299577,48.518858,54.58885,87.377625,2393.579264,0.002968,1.141748,0.00773,0.014408,0.068094,434.16498,0.008104,11.698222,0.115394,0.357181,0.898201,1870.297575,2.0165,0.0296580799999901,0.121276,10.54081159,-4.09529
0.0,-300.651452,48.534239,54.835749,87.098453,2228.105866,0.003284,1.367761,0.0192,0.03103,0.065083,476.876812,0.008724,12.983884,0.118035,0.328552,1.943663,2123.633139,2.0165,0.0921134999999822,0.110195,10.6032670099999,-4.09538
0.0,-107.964906,52.625056,60.063437,100.264003,2070.364735,0.003226,1.171522,0.083988,0.077413,0.458316,521.44017,0.006905,8.576719,0.164185,0.226596,8.887468,2369.732859,2.0165,0.105298909999987,0.098988,10.61645242,-4.09534
42.790862,47.813495,74.717411,227.794954,248.954289,1919.150849,0.022502,0.014942,0.030321,0.003732,2.090473,567.274813,0.010783,0.045944,1.507023,0.010566,18.93175,2594.026809,2.0165,0.0758899699999915,0.08756,10.58704348,-4.09584
43.682401,49.439419,75.622708,328.431203,343.464029,1773.941955,0.060351,0.043753,0.016747,0.004131,2.466538,613.631385,0.0,0.017386,3.744645,0.010054,19.570256,2783.25209,2.0165,0.0102034800000012,0.075643,10.52135699,-4.09611
0.0,-430.758242,57.055033,62.063536,89.354405,2398.06125,0.005527,1.004626,0.005396,0.000109,0.148254,398.139647,0.057798,13.437926,0.614804,0.199374,0.298423,2128.331118,2.0165,0.0061366500000019,0.112184,10.65078146,-4.08416
0.0,-296.49061,57.065047,62.463154,89.849793,2232.724166,0.005783,1.212633,0.019776,0.001287,0.141476,440.352216,0.058314,15.470761,0.745287,0.132844,0.975129,2476.839013,2.0165,0.0668192999999917,0.102991,10.71146411,-4.08429
0.0,-97.729965,60.633738,70.521353,106.606887,2075.048926,0.002825,0.928582,0.085802,0.000186,0.645078,485.429888,0.025899,10.499893,1.154601,0.000435,8.631423,2833.71092,2.0165,0.0784376000000008,0.093635,10.72308241,-4.08445
50.893452,55.717454,77.559298,238.313075,255.274198,1923.82341,0.023916,0.004553,0.003,0.0094,1.973382,532.943988,0.172397,0.021267,0.310602,0.086255,22.736888,3178.975368,2.0165,0.0475229099999978,0.083228,10.69216772,-4.08434
51.671773,57.323009,79.110162,336.11822,348.378862,1778.52332,0.075649,0.009435,0.00035,0.009218,2.347007,582.228884,0.141782,0.000612,1.641602,0.076968,24.535833,3491.093832,2.0165,-0.0199845700000196,0.07236,10.6246602399999,-4.08459
0.0,-432.679306,29.69931,34.030352,61.383484,2401.123132,0.001375,0.885342,0.000512,1e-06,0.117754,367.186685,0.019767,15.132325,0.601592,0.347804,0.207294,2286.977969,2.0165,-0.0134886700000151,0.102211,10.75792004,-4.07529
0.0,-298.408859,27.596256,32.980719,61.572468,2235.939219,0.001599,1.093615,0.007339,0.000711,0.10474,407.87096,0.022735,18.226018,0.810505,0.174231,0.638318,2733.427637,2.0165,0.0463831900000002,0.094433,10.8177919,-4.07552
0.0,-94.290348,24.896208,35.017866,77.872906,2078.348506,0.001662,0.952521,0.032004,0.000465,0.493819,452.271134,0.02343,15.162891,0.93424,0.025255,7.551906,3215.75095,2.0165,0.0568790599999999,0.085643,10.82828777,-4.07536
20.525617,29.44632,50.714749,236.892287,251.794752,1927.1237,0.061449,0.003379,0.001138,0.002149,1.763612,500.193264,0.592312,0.024547,0.299593,0.028005,26.686418,3711.544877,2.0165,0.0244447899999897,0.07672,10.7958535,-4.07564
14.968504,29.144033,52.195484,335.789845,346.634077,1781.729282,0.125457,0.00296,0.003389,0.002366,2.136746,551.167493,0.32144,0.000443,1.216853,0.028853,29.954619,4191.790029,2.0165,-0.0445665700000006,0.067794,10.72684214,-4.07551
0.0,-309.421986,-293.413023,225.456836,406.792477,1967.465967,355.36763,0.116608,0.149883,0.579207,0.094106,293.078038,14257.110906,5.597823,1.361006,4.44485,2.575884,1262.392638,2.0165,0.0887025299999777,0.0511789999999998,10.1146055399999,-4.1656
0.0,-322.448834,-285.028339,205.87105,394.302295,2050.180192,430.919146,0.004437,0.590845,0.515238,0.013781,317.533347,13566.660128,7.115324,0.691505,5.418372,2.469158,1196.386189,2.0165,0.0675523099999964,0.0565659999999996,10.09345532,-4.16403
0.0,-338.64662,-277.4703,182.071473,379.664635,2132.825792,527.295179,0.231437,0.989496,0.593366,0.211346,339.75133,12978.179738,7.905524,0.224086,6.281759,1.775811,1085.356755,2.0165,0.0288546799999949,0.0649119999999996,10.05475769,-4.16181
0.0,-359.697486,-270.894796,132.069154,365.743548,2205.364592,645.165013,0.692563,0.945237,0.785894,0.400462,349.382055,12675.030994,8.046975,0.00412,7.268397,0.922884,923.084554,2.0165,-0.0326231900000095,0.0734100000000004,9.99327981999999,-4.15953
0.0,141.262274,148.36693,290.080996,519.604733,1571.468752,303.540791,0.460311,0.123644,0.273178,0.577993,370.020619,14423.133612,0.169994,0.99281,1.07095,7.575682,1200.020734,2.0165,0.107677719999998,0.0945170000000001,10.13358073,-4.16601
0.0,139.940344,146.806896,269.164732,502.06927,1640.481295,383.546094,0.806754,0.057478,0.058353,0.046747,396.269448,13761.036465,0.108806,1.86704,1.526638,10.381846,1152.144769,2.0165,0.092141209999994,0.0997040000000004,10.11804422,-4.16475
0.0,134.23648,148.318931,246.842296,480.842576,1709.962328,485.014557,0.704196,0.4646,0.023919,0.076931,415.989745,13087.914895,0.169303,2.573112,2.265584,9.543654,1046.940456,2.0165,0.0620601399999998,0.107917999999999,10.08796315,-4.16238
0.0,120.648199,151.756805,213.323636,456.824727,1771.239947,610.238751,0.682474,0.590741,0.029149,0.354378,418.680656,12741.938974,1.20747,3.658221,2.631409,7.940993,904.844243,2.0165,0.0120459599999946,0.116878999999999,10.03794897,-4.15978
0.0,-382.232971,-20.514616,31.11666,210.586433,2308.274977,0.156054,1.281337,0.00294,0.06021,0.002758,515.7371,0.597168,5.220549,7e-06,0.174241,12.821737,906.441778,2.0165,0.120635759999998,0.0611429999999995,10.23781937,-4.14338
0.0,-385.286102,-29.054887,27.337065,214.558735,2307.581266,0.57776,1.851745,0.02552,0.052153,0.000107,497.841592,0.796605,3.690984,0.018152,0.118222,11.727877,824.770439,2.0165,0.10692745999998,0.0134899999999995,10.2241110699999,-4.14168
0.0,-385.69671,-35.848699,23.334648,221.585669,2305.832913,0.787006,2.884529,0.081108,0.04257,0.012467,478.605697,0.670745,2.126622,0.106188,0.059674,10.6935,732.206594,2.0165,0.0804939100000012,0.0244049999999997,10.19767752,-4.13956
0.0,-382.044132,-40.131491,17.624021,231.158995,2303.254925,0.391457,3.420279,0.16337,0.029332,0.044722,452.184251,0.153941,0.810174,0.225337,0.02137,9.827084,623.926935,2.0165,0.0359881899999834,0.0378859999999998,10.1531717999999,-4.13706
0.0,20.383385,202.713576,257.044782,281.757451,1848.664367,0.000732,0.041964,0.095207,0.022364,2.108608,617.870404,2.5e-05,0.060838,20.186217,0.00359,10.912252,1070.913483,2.0165,0.127421639999994,0.0470130000000001,10.24460525,-4.14425
0.0,17.112643,197.872252,255.430732,281.788603,1848.560525,0.021814,0.030413,0.298944,0.007478,2.54855,592.912848,0.004596,0.061543,17.132397,0.051429,9.969519,979.888852,2.0165,0.118977180000001,0.0535660000000004,10.23616079,-4.1425
0.0,13.526198,189.370747,253.765331,293.103826,1847.743241,0.112099,0.019847,0.621757,0.031114,2.867579,564.017192,0.044456,0.047854,12.627584,0.020897,9.427787,850.528658,2.0165,0.100547949999992,0.0643199999999999,10.21773156,-4.13962
0.0,8.255843,181.737337,248.316098,313.049344,1846.019882,0.249999,0.014237,0.665224,0.090576,2.321185,526.885673,0.12772,0.034582,9.349054,0.057803,8.360585,717.029738,2.0165,0.066315430000003,0.0777439999999995,10.18349904,-4.13729
0.0,-375.450468,53.596788,76.067653,172.36119,2308.284938,0.236386,1.160306,0.040956,0.041612,0.019166,504.72932,0.319662,7.399681,0.077146,0.124494,14.924025,1124.369419,2.0165,0.115031099999981,0.0404270000000002,10.35482421,-4.12431
0.0,-378.529352,53.802693,71.678989,176.850253,2308.124908,0.536079,1.746757,0.079481,0.005967,0.011744,486.056078,1.00997,5.044324,0.130424,0.022291,13.583505,1013.957249,2.0165,0.107462900000001,0.0466570000000001,10.34725601,-4.12248
0.0,-378.277352,53.781441,67.949408,183.948829,2307.07344,0.592493,2.756265,0.112511,0.004417,0.002969,466.400753,1.055351,2.79614,0.158133,0.012193,12.332246,893.475005,2.0165,0.0909434200000021,0.0555699999999999,10.33073653,-4.12046
0.0,-374.946695,53.523503,65.36191,192.823324,2305.287376,0.288484,3.076419,0.115357,0.047958,2.5e-05,440.092752,0.246036,1.242854,0.128625,0.134247,11.424552,761.725245,2.0165,0.0602319699999895,0.0650220000000003,10.30002508,-4.1181
47.324815,66.151318,166.152319,273.09766,293.436269,1846.910037,0.017569,0.01662,0.181831,0.097536,2.083398,619.903849,0.032356,0.000314,22.398638,0.089986,14.203544,1381.63862,2.0165,0.111594679999996,0.0779650000000002,10.35138779,-4.12546
47.653328,64.928586,167.893869,270.259007,290.956938,1847.491167,0.026276,0.002403,0.274462,0.072805,2.447919,592.854968,0.065747,0.022825,20.17125,1.319349,10.498897,1252.567895,2.0165,0.10889745999998,0.0839050000000001,10.34869057,-4.12322
47.978047,63.465424,168.236913,267.329084,296.803247,1847.503269,0.029196,0.011755,0.461164,0.009388,2.753498,562.537585,0.078188,0.108326,17.051539,0.904158,7.628689,1078.876999,2.0165,0.0999898700000017,0.0931839999999999,10.33978298,-4.12069
47.973705,62.602385,167.511408,263.52341,308.372938,1846.698111,0.023508,0.076566,0.557903,0.007343,2.094805,524.625096,0.062937,0.247368,13.917311,0.077387,6.362387,907.280162,2.0165,0.078604939999991,0.102790999999999,10.31839805,-4.11809
0.0,-374.954914,46.193306,57.278603,124.69013,2308.563316,0.128182,1.20453,0.000513,0.049487,0.093598,458.964958,3.44089,9.364635,0.068731,0.477447,1.25715,1610.733904,2.0165,0.0934948799999801,0.0101539999999995,10.4678135899999,-4.108
0.0,-376.045544,41.503535,56.635533,128.70212,2308.610862,0.63644,1.880286,0.016193,0.052654,0.092526,441.775447,6.333237,4.904133,0.035263,0.363385,0.827487,1442.000272,2.0165,0.0905247099999826,0.0171179999999999,10.4648434199999,-4.10666
0.0,-375.583634,37.173958,55.910267,134.64167,2307.834979,1.086612,2.913458,0.060234,0.049102,0.097083,424.788113,6.750328,1.382876,8e-06,0.209117,0.438208,1260.214654,2.0165,0.0817619799999818,0.0273949999999998,10.4560806899999,-4.10461
0.0,-373.948504,33.790823,54.611723,141.859312,2306.414859,0.905751,3.465441,0.124642,0.03673,0.105132,402.161387,4.22259,0.000452,0.031604,0.081531,0.171323,1070.506029,2.0165,0.0616468799999836,0.0404649999999997,10.4359655899999,-4.10295
42.501318,50.309932,117.200036,274.875534,294.295989,1845.594275,0.002826,0.037648,0.001273,0.016076,2.198378,581.798488,0.021558,0.138444,3.208436,4.268451,15.278876,2055.405659,2.0165,0.081573910000003,0.0435730000000003,10.45589262,-4.10891
39.139368,49.940871,120.909111,269.733321,294.156322,1846.463131,0.001295,0.027422,0.00642,0.149522,2.673426,555.339197,0.018735,0.149121,2.682794,10.405977,7.471888,1847.106625,2.0165,0.0833873699999969,0.0506479999999998,10.45770608,-4.10684
35.5414,49.592106,125.057862,266.836382,297.40448,1846.785265,0.03547,0.016715,0.030652,0.271552,3.227339,527.337597,0.000143,0.111802,2.298355,9.58391,2.04891,1579.852664,2.0165,0.0815211299999987,0.0612409999999998,10.45583984,-4.10468
32.765142,49.004186,129.31594,264.675595,302.052934,1846.365335,0.115971,0.011218,0.057908,0.183206,2.94188,492.99491,0.025543,0.073292,1.983949,5.578953,0.023091,1321.288433,2.0165,0.0700107699999819,0.0743869999999997,10.4443294799999,-4.1023
0.0,-305.362141,-298.408962,243.849217,413.942631,1895.933255,294.384463,0.259689,0.372069,0.817705,0.494544,275.537406,14540.694992,0.129346,4.889676,3.634847,1.049248,1250.835553,2.0165,0.0955467499999827,0.0494180000000001,10.1214497599999,-4.1657
0.0,141.627357,150.459606,311.391596,529.721531,1512.533009,240.83663,0.121135,0.378923,0.837553,1.392603,347.748487,14665.706162,0.033505,0.439517,0.577077,2.533478,1176.094537,2.0165,0.112435140000002,0.093356,10.13833815,-4.16659
0.0,-377.114157,-11.633129,35.345527,209.505449,2307.748218,2.5e-05,1.517339,0.000555,0.072954,0.003927,534.012664,0.000423,5.061659,0.002687,0.189104,13.943431,933.630495,2.0165,0.124775749999997,0.0719900000000004,10.24195936,-4.14388
0.0,22.543722,203.053665,259.207749,289.306847,1848.184205,0.000766,0.037582,0.080842,5.5e-05,2.324058,637.910351,0.00202,0.050917,21.553072,0.000656,10.404292,1100.944876,2.0165,0.129856849999981,0.111825,10.2470404599999,-4.14499
0.0,-369.565731,53.271299,80.36009,170.79868,2307.437319,0.0158,1.457987,0.012072,0.088591,0.020562,524.243573,0.080319,6.682276,0.032966,0.178647,16.103561,1169.556185,2.0165,0.117134840000005,0.0387240000000002,10.35692795,-4.1249
47.209567,66.860396,164.768973,273.774969,302.269289,1846.001595,0.007326,0.013634,0.181514,0.023225,2.348835,642.168002,0.008174,0.006898,24.261004,0.147428,12.640708,1428.76045,2.0165,0.112068199999981,0.0758330000000002,10.35186131,-4.12617
0.0,-371.502436,49.952899,58.661647,122.994367,2307.561364,0.000696,1.374063,0.00198,0.05102,0.093145,478.322127,0.004342,9.673878,0.019321,0.476445,1.571834,1692.054803,2.0165,0.0940493899999808,0.0081340000000005,10.4683680999999,-4.10868
45.104877,50.754409,115.153002,278.428727,299.309972,1844.416682,0.004354,0.033284,0.003194,0.001261,2.422232,605.143222,0.010239,0.092275,4.005638,0.006758,14.693211,2139.667591,2.0165,0.0804696999999805,0.0409859999999997,10.4547884099999,-4.10965
0.0,-372.747318,42.555109,54.544689,88.943687,2310.909885,0.07901,1.096445,0.00103,0.031207,0.055316,435.590202,4.97642,11.372999,0.19045,0.378184,1.078737,1879.341054,2.0165,0.06798169999999,0.0304790000000005,10.57913521,-4.09486
0.0,-373.323974,37.036962,54.613289,92.138178,2311.080955,0.522042,1.68568,0.005475,0.044385,0.036659,418.35844,8.742889,5.901891,0.103145,0.375861,0.648677,1670.53308,2.0165,0.0683566299999824,0.0366690000000002,10.5795101399999,-4.09336
0.0,-372.910529,32.464041,54.226471,96.657092,2310.468716,1.016374,2.489921,0.03535,0.045833,0.019595,401.570109,9.074383,1.864764,0.011903,0.270928,0.277784,1454.64061,2.0165,0.0649072199999807,0.0452220000000003,10.5760607299999,-4.09191
0.0,-372.214212,28.739843,52.936135,102.454972,2309.245128,1.015911,2.78624,0.085331,0.033589,0.009256,379.329976,6.153589,0.026284,0.010334,0.129369,0.079087,1238.749537,2.0165,0.0527803299999902,0.0532059999999994,10.56393384,-4.09022
38.766459,49.116338,78.308037,281.53127,298.015108,1847.149841,0.032783,0.036332,0.012947,0.001057,2.024186,565.446849,0.0332,0.106685,2.052039,6.759912,19.285353,2564.433002,2.0165,0.0493147599999872,0.0600710000000002,10.56046827,-4.09512
34.226902,49.25615,82.186059,276.465616,298.210616,1848.176578,0.005119,0.033809,0.026574,0.088566,2.358915,538.037277,0.041659,0.169249,1.559639,15.285887,9.267298,2284.30034,2.0165,0.054046679999999,0.0665170000000006,10.56520019,-4.09369
30.420072,49.14109,86.782867,273.204993,300.497039,1848.638581,0.008235,0.023216,0.062147,0.239392,2.685279,509.920052,0.005148,0.160445,1.183163,14.245087,2.734756,1944.601597,2.0165,0.0571903899999881,0.0754079999999994,10.5683439,-4.09139
27.681705,48.427325,92.203619,270.580846,302.615542,1848.373292,0.062824,0.013056,0.094921,0.22495,2.276294,475.893473,0.016134,0.114284,0.959996,9.170582,0.085951,1625.518905,2.0165,0.0527510400000039,0.084035,10.56390455,-4.08971
0.0,-368.754685,52.586128,62.684264,90.597811,2315.447364,0.057602,0.989538,0.000831,0.009899,0.134892,399.73587,7.256495,12.144988,0.666441,0.313949,0.407262,2142.75112,2.0165,0.0441872799999885,0.0119210000000005,10.68883209,-4.08376
0.0,-368.751026,48.830085,63.097324,92.374176,2315.544988,0.438177,1.597,0.003833,0.024558,0.106255,383.280776,12.183715,5.625569,0.39214,0.393763,0.165254,1894.745911,2.0165,0.0464938300000028,0.0183979999999999,10.69113864,-4.08256
0.0,-367.912731,45.827009,63.139084,94.890874,2314.833214,0.860407,2.422226,0.025349,0.033013,0.069136,367.43106,12.411695,1.401788,0.113189,0.324826,0.013938,1648.837057,2.0165,0.0468253499999775,0.0278909999999994,10.6914701599999,-4.08136
0.0,-366.944832,43.420398,62.430815,98.452234,2313.508023,0.894172,2.715301,0.061548,0.028231,0.038119,346.502344,8.541926,0.004152,0.002439,0.168362,0.019129,1410.928156,2.0165,0.0403018300000042,0.0392500000000004,10.68494664,-4.08032
48.457843,57.324823,80.950951,290.734462,304.606843,1851.841741,0.038783,0.015743,2e-06,0.00254,1.902444,531.750233,0.301874,0.079342,0.682492,10.765842,21.840468,3150.04827,2.0165,0.0204363,0.0374789999999998,10.66508111,-4.08416
45.911482,57.731468,83.182558,286.681129,305.569551,1852.753272,0.012173,0.021313,0.003584,0.041256,2.233172,504.651729,0.241742,0.153015,0.47902,21.973525,9.356111,2784.883999,2.0165,0.0267447699999934,0.0447149999999996,10.67138958,-4.08274
44.016248,57.918219,85.471541,284.140985,308.188676,1852.988485,0.000576,0.019588,0.028173,0.156725,2.553956,477.733633,0.067396,0.155045,0.317607,20.203414,2.267595,2365.954986,2.0165,0.0330597499999782,0.0550249999999996,10.6777045599999,-4.08108
42.65991,57.567007,88.476111,281.778823,310.35925,1852.46901,0.027753,0.013082,0.062771,0.170403,2.15795,445.646333,0.000766,0.111505,0.238475,13.12563,0.004849,1983.419586,2.0165,0.0334771400000022,0.0667479999999995,10.67812195,-4.07937
0.0,-370.687035,21.736085,34.009407,62.472796,2318.546879,0.071072,0.847815,2e-05,0.004854,0.10201,368.704186,7.195864,14.801464,0.665685,0.442574,0.264984,2308.606779,2.0165,0.0244664399999976,0.0207999999999994,10.79587515,-4.07521
0.0,-370.832134,14.571405,34.465728,63.441977,2318.607431,0.39886,1.366878,0.002788,0.013131,0.069848,352.746698,13.653715,6.670028,0.380571,0.521032,0.078186,2033.542455,2.0165,0.0279364999999813,0.0256020000000001,10.79934521,-4.07412
0.0,-370.121109,4.592522,34.458426,64.670209,2317.882245,0.728973,2.109832,0.014341,0.018065,0.031723,337.242639,14.311172,1.598146,0.102739,0.411709,0.000205,1773.135153,2.0165,0.0305288899999993,0.0304929999999998,10.8019376,-4.07292
0.0,-369.374162,-11.598497,33.305158,66.96879,2316.563787,0.759676,2.360651,0.035376,0.01402,0.007738,316.99058,10.036031,0.000365,0.000628,0.202459,0.064288,1529.613897,2.0165,0.0277651199999979,0.02543,10.79917383,-4.07216
8.945956,29.248456,53.60415,291.218965,302.364542,1855.124394,0.06392,0.023321,0.003099,0.000212,1.697167,499.421897,0.782911,0.132242,0.583109,11.443943,27.402525,3690.45941,2.0165,-0.0030975800000021,0.0422169999999995,10.76831113,-4.07517
0.0,29.870463,54.360604,288.557623,302.927055,1855.947774,0.024222,0.045161,0.000883,0.02682,1.931465,472.696976,0.632489,0.311685,0.331785,26.039523,11.408564,3242.055935,2.0165,0.0039775900000051,0.0475290000000003,10.7753863,-4.07382
0.0,30.621528,54.843986,286.664564,305.114668,1856.040305,0.000428,0.048219,0.026987,0.093233,2.179526,446.678946,0.226591,0.341544,0.11414,24.717149,2.564033,2756.096997,2.0165,0.0119651299999929,0.0410270000000001,10.78337384,-4.07257
0.0,30.545725,56.423433,284.415211,306.833015,1855.381841,0.013997,0.028682,0.07655,0.10122,1.808584,416.234953,0.008719,0.216101,0.030541,16.266751,0.006921,2326.409323,2.0165,0.015611739999997,0.0496670000000003,10.78702045,-4.071
0.0,-369.994308,48.437027,54.593982,86.985239,2309.813303,0.003123,1.255327,0.012199,0.0212,0.061906,455.260136,0.008459,12.435789,0.117431,0.345699,1.299501,1996.989683,2.0165,0.0674262199999873,0.0277949999999997,10.57857973,-4.09499
43.585174,49.079486,75.635135,284.991272,302.048487,1845.785679,0.041311,0.031221,0.018479,0.00396,2.273832,590.439468,0.00478,0.037643,2.648263,0.010309,19.196123,2693.759175,2.0165,0.0473122100000011,0.057312,10.55846572,-4.09577
0.0,-366.800903,56.973372,62.121716,89.308698,2314.371611,0.005712,1.109946,0.010702,0.000583,0.137821,418.869777,0.058788,14.535402,0.67482,0.171082,0.530729,2300.446635,2.0165,0.0431195599999796,0.0094729999999998,10.6877643699999,-4.08419
51.644492,56.916566,78.81651,293.629201,307.457774,1850.422535,0.049307,0.007535,0.000485,0.009175,2.151664,557.414859,0.187941,0.009297,0.940576,0.080425,23.636894,3340.519366,2.0165,0.0180389500000046,0.0347149999999998,10.66268376,-4.0846
0.0,-368.741322,28.73174,33.437554,61.229325,2317.517559,0.001485,0.987348,0.002618,0.000233,0.106724,387.061508,0.02126,16.692523,0.718301,0.260579,0.35606,2504.646361,2.0165,0.0230465199999798,0.0192939999999999,10.79445523,-4.07556
18.046093,29.374508,51.917262,292.940451,305.137538,1853.688088,0.090445,0.003113,0.003048,0.002256,1.940898,525.339055,0.470652,0.006716,0.744996,0.028536,28.338806,3955.62448,2.0165,-0.0058743400000196,0.0402289999999996,10.76553437,-4.07548
